subject,question,option_a,option_b,option_c,option_d,correct_answer,explanation
Applied Geostatistics and Reservoir Data Analysis,"A porosity histogram has one dominant peak near 0.18, a smaller peak near 0.28, and a low-frequency trough between them. What is the most reasonable first interpretation?",The data may contain two reservoir populations or facies,All samples belong to one perfectly homogeneous population,The porosity values must follow a uniform distribution,The smaller peak should automatically be deleted,A,"Two separated peaks suggest a mixture of populations, such as two facies or rock types. Geological context should be checked before separating the data."
Applied Geostatistics and Reservoir Data Analysis,A permeability histogram is strongly right-skewed. Which plotting change will generally make its distribution easier to interpret?,Replace permeability by facies codes,Use a logarithmic x-axis,Reverse the x-axis,Increase every permeability value by a constant,B,Permeability commonly spans orders of magnitude. A logarithmic scale compresses high values and can reveal the central pattern more clearly.
Applied Geostatistics and Reservoir Data Analysis,"Net thickness values for five wells are 8, 10, 12, 14, and 26 ft. What are the mean and median?",Mean 12 ft; median 14 ft,Mean 14 ft; median 14 ft,Mean 14 ft; median 12 ft,Mean 12 ft; median 12 ft,C,"The mean is (8+10+12+14+26)/5 = 14 ft. The ordered middle value is 12 ft, so the median is less influenced by the high value of 26 ft."
Applied Geostatistics and Reservoir Data Analysis,"Porosity values are 0.12, 0.15, 0.15, 0.18, and 0.20. What is the mode?",0.12,0.16,0.20,0.15,D,"The mode is the most frequently occurring value. Porosity 0.15 occurs twice, while the other values occur once."
Applied Geostatistics and Reservoir Data Analysis,Water saturation values range from 0.22 to 0.79. What is the range?,0.57,0.51,1.01,0.285,A,Range equals maximum minus minimum: 0.79 - 0.22 = 0.57. It describes total spread but is sensitive to extreme values.
Applied Geostatistics and Reservoir Data Analysis,"For a net-thickness dataset, the minimum is 3 ft and the maximum is 28 ft. Which statement is correct?",Every interval between 3 and 28 ft must occur,The minimum and maximum identify the observed limits but not the internal distribution,The mean must be 15.5 ft,The median must be midway between the minimum and maximum,B,"Minimum and maximum define the observed endpoints only. They do not show frequency, clustering, gaps, skewness, or the position of the mean and median."
Applied Geostatistics and Reservoir Data Analysis,"Using the median-of-halves convention, ordered Vclay values are 0.10, 0.14, 0.18, 0.22, 0.30, 0.34, 0.42, and 0.50. What are Q1 and Q3?",Q1 0.18; Q3 0.42,Q1 0.14; Q3 0.34,Q1 0.16; Q3 0.38,Q1 0.20; Q3 0.36,C,"The lower half is 0.10, 0.14, 0.18, 0.22, giving Q1 = (0.14+0.18)/2 = 0.16. The upper half gives Q3 = (0.34+0.42)/2 = 0.38."
Applied Geostatistics and Reservoir Data Analysis,A porosity dataset has Q1 = 0.14 and Q3 = 0.22. Which value is the upper 1.5 x IQR outlier fence?,0.26,0.30,0.42,0.34,D,"IQR = 0.22 - 0.14 = 0.08. The upper fence is Q3 + 1.5 x IQR = 0.22 + 0.12 = 0.34. Values above the fence are potential outliers, not automatically errors."
Applied Geostatistics and Reservoir Data Analysis,Two facies have the same mean porosity of 0.18. Facies A has SD = 0.02 and Facies B has SD = 0.06. What does this indicate?,Facies B is more variable,Facies A is more variable,Both have identical distributions,Standard deviation cannot compare spread when means are equal,A,The larger standard deviation indicates greater absolute spread around the mean. Facies B therefore has more variable porosity.
Applied Geostatistics and Reservoir Data Analysis,Reservoir A has mean net thickness 20 ft and SD 4 ft. Reservoir B has mean net thickness 10 ft and SD 3 ft. Which has the larger coefficient of variation?,Reservoir A because its SD is larger,Reservoir B because its CV is 30 percent,Both have a CV of 20 percent,CV cannot be used for positive ratio-scale data,B,"CV = SD/mean. Reservoir A has 4/20 = 20 percent, whereas Reservoir B has 3/10 = 30 percent, so B has greater relative variability."
Applied Geostatistics and Reservoir Data Analysis,"A permeability distribution has mean 180 mD, median 70 mD, and several very high values. Which conclusion is most consistent with these statistics?",The distribution is negatively skewed,The distribution is approximately symmetric,The distribution is positively skewed,The distribution has zero variance,C,"A mean substantially greater than the median is consistent with a right-skewed distribution, where high permeability values pull the mean upward."
Applied Geostatistics and Reservoir Data Analysis,A porosity dataset has excess kurtosis close to zero. What is the safest interpretation?,It has exactly zero outliers,It must be perfectly symmetric,Its standard deviation must equal one,Its tail weight and peak are broadly similar to a normal distribution,D,"Excess kurtosis near zero indicates normal-like tail weight and peakedness. It does not prove normality, symmetry, or absence of outliers."
Applied Geostatistics and Reservoir Data Analysis,The 90th percentile of net thickness is 24 ft. What does this mean?,About 90 percent of observations are at or below 24 ft,Exactly 90 percent of wells have 24 ft thickness,There is a 90 percent probability that every new well exceeds 24 ft,The maximum net thickness is 24 ft,A,The 90th percentile is a value at or below which about 90 percent of the observed data fall. It is not necessarily the maximum or the value of 90 percent of wells.
Applied Geostatistics and Reservoir Data Analysis,"In a facies model, P(channel) = 0.35. If one grid cell is sampled according to this probability, what is P(non-channel)?",0.35,0.65,0.50,1.35,B,"For complementary outcomes, P(non-channel) = 1 - P(channel) = 1 - 0.35 = 0.65."
Applied Geostatistics and Reservoir Data Analysis,Porosity is modeled by a continuous probability density function f(x). Which statement about P(porosity = exactly 0.2000) is correct for an ideal continuous model?,It equals f(0.20),It is always 0.20,It is zero,It equals the area under the full PDF,C,"For an ideal continuous random variable, probability is assigned to intervals. The probability at one exact point is zero, although the PDF height at that point may be positive."
Applied Geostatistics and Reservoir Data Analysis,"Two porosity PDF curves have the same mean. Curve X is narrow and tall, while Curve Y is broad and low. Assuming both integrate to one, which statement is most reasonable?",Curve X represents greater uncertainty,Curve Y has a probability greater than one,Curve X must be skewed,Curve Y represents greater variability,D,A broader PDF spreads probability over a wider range and therefore represents greater variability or uncertainty. PDF height itself is not probability at a point.
Applied Geostatistics and Reservoir Data Analysis,"A discrete facies variable has probabilities: channel 0.50, levee 0.30, and floodplain 0.20. In a Monte Carlo simulation, what should one realization produce for one location?",One facies category sampled using those probabilities,All three facies simultaneously,The average category 0.33,A continuous Vclay value,A,A realization of a discrete categorical variable returns one category. Repeating the sampling many times reproduces the specified facies proportions approximately.
Applied Geostatistics and Reservoir Data Analysis,"For Monte Carlo CO2 storage calculations, net thickness is sampled from a continuous distribution and facies from a discrete distribution. Why are many realizations generated?",To force every input to its mean,To create a range of possible outcomes and quantify uncertainty,To eliminate all geological uncertainty,To guarantee the observed field value,B,"Each realization samples plausible input values. The resulting output distribution shows uncertainty through percentiles, ranges, and probabilities rather than one deterministic estimate."
Applied Geostatistics and Reservoir Data Analysis,"A Monte Carlo model samples porosity and permeability independently, although high porosity tends to accompany high permeability. What is the main risk?",The number of realizations becomes zero,All simulated permeability values become identical,Unrealistic porosity-permeability combinations may be generated,The output automatically follows a normal distribution,C,Ignoring dependence can create combinations that are statistically possible under separate marginal distributions but geologically unrealistic. Correlation or a joint model should be considered.
Applied Geostatistics and Reservoir Data Analysis,"A Monte Carlo water-saturation result gives P10 = 0.24, P50 = 0.36, and P90 = 0.55, where percentiles are defined in ascending order. Which interpretation is correct?",There is a 90 percent probability that water saturation equals exactly 0.55,P10 is the most likely value and P90 is the mean,The percentiles prove that water saturation is normally distributed,"About 10 percent of simulated values are at or below 0.24, and about 90 percent are at or below 0.55",D,"With ascending percentiles, P10, P50, and P90 are the 10th, 50th, and 90th percentile values. They summarize the simulated distribution but do not identify an exact-value probability or prove a distribution family."
